show databases;
select database() Insurance;
create table Person(driver_id varchar(10), name varchar(20), address varchar(30), primary key(driver_id));
desc person;
create table car(reg_num varchar(10), model varchar(10), year int, primary key(reg_num));
desc car;
create table accident(report_num int, accident_date date, location varchar(20), primary key(report_num));
desc accident;
create table owns(driver_id varchar(10), reg_num varchar(10), primary key(driver_id, reg_num), foreign key(driver_id) references person(driver_id), foreign key(reg_num) references car(reg_num));
desc owns;
create table participated(driver_id varchar(10), reg_num varchar(10), report_num int, damage_amount int, primary key(driver_id, reg_num, report_num), foreign key(driver_id) references person(driver_id), foreign key(reg_num) references car(reg_num), foreign key(report_num) references accident(report_num));
desc participated;
insert into Person values('A01','Richard','Srinivas Nagar');
insert into Person values('A02','Pradeep','Rajaji Nagar');
insert into Person values('A03','Smith','Ashok Nagar');
insert into Person values('A04','Venu','N R Colony');
insert into Person values('A05','John','Hanumanth Nagar');
select * from Person;
insert into car values('KA052250','Indica','1990');
insert into car values('KA031181','Lancer','1957');
insert into car values('KA095477','Toyota','1998');
insert into car values('KA053408','Honda','2008');
insert into car values('KA041702','Audi','2005');
select * from car;
insert into owns values('A01','KA052250');
insert into owns values('A02','KA053408');
insert into owns values('A03','KA031181');
insert into owns values('A04','KA095477');
insert into owns values('A05','KA041702');
select * from owns;
insert into accident values('11','2003-01-01','Mysore Road');
insert into accident values('12','2004-02-02','South End Circle');
insert into accident values('13','2003-01-21','Bulltemple Road');
insert into accident values('14','2008-02-17','Mysore Road');
insert into accident values('15','2005-03-04','Kanakapura Road');
select * from accident;
insert into participated values('A01','KA052250','11','10000');  
insert into participated values('A02','KA053408','12','50000');
insert into participated values('A03','KA095477','13','25000');
insert into participated values('A04','KA031181','14','3000');
insert into participated values('A05','KA041702','15','5000');
select * from participated;
update participated set damage_amount=25000 where reg_num='KA053408' and report_num=12;
insert into accident values('16','2007-07-07','Bell Road');
select accident_date, location from accident;
select driver_id from participated where damage_amount=25000; 
select * from participated order by damage_amount desc;
select avg(damage_amount) from participated;
create view v1 as select avg(damage_amount) from participated;
select * from v1;
delete from participated where damage_amount<(select * from v1);
select * from participated;
select name from Person A, participated B where A.driver_id=B.driver_id and damage_amount>(select avg(damage_amount) from participated);
select max(damage_amount) from participated;

